metric_id,timestamp,date,hour,revenue,transaction_count,signup_count,active_users,is_anomaly,anomaly_type
1,2024-01-01 00:00:00,2024-01-01,0,16902.34,200,21,1104,false,Normal
2,2024-01-01 01:00:00,2024-01-01,1,14708.3,177,15,1062,false,Normal
3,2024-01-01 02:00:00,2024-01-01,2,12385.47,191,19,955,false,Normal
4,2024-01-01 03:00:00,2024-01-01,3,14338.36,171,15,1088,false,Normal
5,2024-01-01 04:00:00,2024-01-01,4,14889.5,220,26,1118,false,Normal
6,2024-01-01 05:00:00,2024-01-01,5,15853.05,228,15,1059,false,Normal
7,2024-01-01 06:00:00,2024-01-01,6,16642.13,225,22,1263,false,Normal
8,2024-01-01 07:00:00,2024-01-01,7,18722.66,240,25,1395,false,Normal
9,2024-01-01 08:00:00,2024-01-01,8,19102.32,248,23,1536,false,Normal
10,2024-01-01 09:00:00,2024-01-01,9,20830.09,309,28,1779,false,Normal
11,2024-01-01 10:00:00,2024-01-01,10,21455.39,302,26,1750,false,Normal
12,2024-01-01 11:00:00,2024-01-01,11,24209.87,314,31,1902,false,Normal
13,2024-01-01 12:00:00,2024-01-01,12,25987.02,320,30,1907,false,Normal
14,2024-01-01 13:00:00,2024-01-01,13,24930.21,330,35,2059,false,Normal
15,2024-01-01 14:00:00,2024-01-01,14,24259.3,367,30,2045,false,Normal
16,2024-01-01 15:00:00,2024-01-01,15,25121.42,368,32,2000,false,Normal
17,2024-01-01 16:00:00,2024-01-01,16,24808.11,344,32,2078,false,Normal
18,2024-01-01 17:00:00,2024-01-01,17,22584.94,305,32,1798,false,Normal
19,2024-01-01 18:00:00,2024-01-01,18,21143.66,322,32,1589,false,Normal
20,2024-01-01 19:00:00,2024-01-01,19,21717.56,298,24,1726,false,Normal
21,2024-01-01 20:00:00,2024-01-01,20,18325.99,252,25,1536,false,Normal
22,2024-01-01 21:00:00,2024-01-01,21,18390.49,242,21,1486,false,Normal
23,2024-01-01 22:00:00,2024-01-01,22,17283.06,211,20,1355,false,Normal
24,2024-01-01 23:00:00,2024-01-01,23,16124.36,189,19,1223,false,Normal
25,2024-01-02 00:00:00,2024-01-02,0,13158.78,177,21,975,false,Normal
26,2024-01-02 01:00:00,2024-01-02,1,15472.83,165,14,917,false,Normal
27,2024-01-02 02:00:00,2024-01-02,2,14033.17,173,15,1008,false,Normal
28,2024-01-02 03:00:00,2024-01-02,3,13543.69,186,20,1043,false,Normal
29,2024-01-02 04:00:00,2024-01-02,4,13872.48,204,19,1129,false,Normal
30,2024-01-02 05:00:00,2024-01-02,5,16391.49,197,22,1093,false,Normal
31,2024-01-02 06:00:00,2024-01-02,6,17219.48,195,24,1251,false,Normal
32,2024-01-02 07:00:00,2024-01-02,7,16733.87,244,22,1529,false,Normal
33,2024-01-02 08:00:00,2024-01-02,8,19658.02,294,28,1435,false,Normal
34,2024-01-02 09:00:00,2024-01-02,9,21168.01,284,30,1512,false,Normal
35,2024-01-02 10:00:00,2024-01-02,10,22048.48,291,30,1765,false,Normal
36,2024-01-02 11:00:00,2024-01-02,11,23651.36,326,31,1912,false,Normal
37,2024-01-02 12:00:00,2024-01-02,12,23956.53,323,33,1947,false,Normal
38,2024-01-02 13:00:00,2024-01-02,13,24026.37,370,30,1868,false,Normal
39,2024-01-02 14:00:00,2024-01-02,14,25906.96,347,35,1952,false,Normal
40,2024-01-02 15:00:00,2024-01-02,15,23693.96,333,33,1983,false,Normal
41,2024-01-02 16:00:00,2024-01-02,16,24338.04,347,29,1789,false,Normal
42,2024-01-02 17:00:00,2024-01-02,17,23085.0,291,23,1967,false,Normal
43,2024-01-02 18:00:00,2024-01-02,18,22392.41,290,28,1880,false,Normal
44,2024-01-02 19:00:00,2024-01-02,19,21827.52,294,29,1549,false,Normal
45,2024-01-02 20:00:00,2024-01-02,20,19399.7,245,32,1421,false,Normal
46,2024-01-02 21:00:00,2024-01-02,21,17031.31,214,26,1245,false,Normal
47,2024-01-02 22:00:00,2024-01-02,22,17237.09,224,21,1437,false,Normal
48,2024-01-02 23:00:00,2024-01-02,23,15173.1,210,16,1086,false,Normal
49,2024-01-03 00:00:00,2024-01-03,0,15340.16,179,18,1118,false,Normal
50,2024-01-03 01:00:00,2024-01-03,1,14252.63,176,18,858,false,Normal
51,2024-01-03 02:00:00,2024-01-03,2,13776.39,195,23,1052,false,Normal
52,2024-01-03 03:00:00,2024-01-03,3,14310.34,185,15,1089,false,Normal
53,2024-01-03 04:00:00,2024-01-03,4,15459.12,182,14,1099,false,Normal
54,2024-01-03 05:00:00,2024-01-03,5,16618.84,196,21,1177,false,Normal
55,2024-01-03 06:00:00,2024-01-03,6,17541.02,227,19,1313,false,Normal
56,2024-01-03 07:00:00,2024-01-03,7,17837.75,239,26,1232,false,Normal
57,2024-01-03 08:00:00,2024-01-03,8,20190.88,243,24,1590,false,Normal
58,2024-01-03 09:00:00,2024-01-03,9,21884.9,268,24,1515,false,Normal
59,2024-01-03 10:00:00,2024-01-03,10,21566.11,324,30,1675,false,Normal
60,2024-01-03 11:00:00,2024-01-03,11,23283.56,296,31,1905,false,Normal
61,2024-01-03 12:00:00,2024-01-03,12,23135.84,342,37,2002,false,Normal
62,2024-01-03 13:00:00,2024-01-03,13,24371.89,351,30,1903,false,Normal
63,2024-01-03 14:00:00,2024-01-03,14,26732.34,320,31,1980,false,Normal
64,2024-01-03 15:00:00,2024-01-03,15,24885.15,357,36,2084,false,Normal
65,2024-01-03 16:00:00,2024-01-03,16,24880.72,333,28,1944,false,Normal
66,2024-01-03 17:00:00,2024-01-03,17,22805.51,305,30,2010,false,Normal
67,2024-01-03 18:00:00,2024-01-03,18,23053.24,315,26,1749,false,Normal
68,2024-01-03 19:00:00,2024-01-03,19,20747.6,285,30,1618,false,Normal
69,2024-01-03 20:00:00,2024-01-03,20,19595.32,269,27,1560,false,Normal
70,2024-01-03 21:00:00,2024-01-03,21,15887.32,224,23,1294,false,Normal
71,2024-01-03 22:00:00,2024-01-03,22,15880.05,181,23,1225,false,Normal
72,2024-01-03 23:00:00,2024-01-03,23,14868.03,229,18,1210,false,Normal
73,2024-01-04 00:00:00,2024-01-04,0,14920.93,199,12,1054,false,Normal
74,2024-01-04 01:00:00,2024-01-04,1,13830.71,193,26,1131,false,Normal
75,2024-01-04 02:00:00,2024-01-04,2,15032.18,157,18,981,false,Normal
76,2024-01-04 03:00:00,2024-01-04,3,13050.65,187,21,1041,false,Normal
77,2024-01-04 04:00:00,2024-01-04,4,15473.28,210,17,1213,false,Normal
78,2024-01-04 05:00:00,2024-01-04,5,14924.27,200,20,1113,false,Normal
79,2024-01-04 06:00:00,2024-01-04,6,15549.17,235,27,1287,false,Normal
80,2024-01-04 07:00:00,2024-01-04,7,18168.16,233,25,1414,false,Normal
81,2024-01-04 08:00:00,2024-01-04,8,19354.48,250,18,1497,false,Normal
82,2024-01-04 09:00:00,2024-01-04,9,22049.26,281,23,1567,false,Normal
83,2024-01-04 10:00:00,2024-01-04,10,20970.66,268,34,1763,false,Normal
84,2024-01-04 11:00:00,2024-01-04,11,23759.83,283,33,1905,false,Normal
85,2024-01-04 12:00:00,2024-01-04,12,25265.49,313,29,2028,false,Normal
86,2024-01-04 13:00:00,2024-01-04,13,25328.7,332,35,2114,false,Normal
87,2024-01-04 14:00:00,2024-01-04,14,25245.64,347,36,2055,false,Normal
88,2024-01-04 15:00:00,2024-01-04,15,24699.58,338,28,1884,false,Normal
89,2024-01-04 16:00:00,2024-01-04,16,26344.13,320,27,2034,false,Normal
90,2024-01-04 17:00:00,2024-01-04,17,24828.28,296,31,1837,false,Normal
91,2024-01-04 18:00:00,2024-01-04,18,22003.22,287,27,1712,false,Normal
92,2024-01-04 19:00:00,2024-01-04,19,21365.74,277,28,1641,false,Normal
93,2024-01-04 20:00:00,2024-01-04,20,19343.44,250,23,1471,false,Normal
94,2024-01-04 21:00:00,2024-01-04,21,18063.72,217,21,1444,false,Normal
95,2024-01-04 22:00:00,2024-01-04,22,16096.48,221,17,1344,false,Normal
96,2024-01-04 23:00:00,2024-01-04,23,16692.36,207,20,1181,false,Normal
97,2024-01-05 00:00:00,2024-01-05,0,14628.21,180,21,1012,false,Normal
98,2024-01-05 01:00:00,2024-01-05,1,14521.34,201,14,1006,false,Normal
99,2024-01-05 02:00:00,2024-01-05,2,14010.82,147,16,1005,false,Normal
100,2024-01-05 03:00:00,2024-01-05,3,13154.16,197,23,1128,false,Normal
101,2024-01-05 04:00:00,2024-01-05,4,16404.95,186,22,1092,false,Normal
102,2024-01-05 05:00:00,2024-01-05,5,14623.67,189,19,1012,false,Normal
103,2024-01-05 06:00:00,2024-01-05,6,16731.85,220,30,1272,false,Normal
104,2024-01-05 07:00:00,2024-01-05,7,19185.77,247,21,1297,false,Normal
105,2024-01-05 08:00:00,2024-01-05,8,19041.53,254,29,1593,false,Normal
106,2024-01-05 09:00:00,2024-01-05,9,20609.81,276,25,1615,false,Normal
107,2024-01-05 10:00:00,2024-01-05,10,22471.46,291,30,1702,false,Normal
108,2024-01-05 11:00:00,2024-01-05,11,24470.17,320,29,1960,false,Normal
109,2024-01-05 12:00:00,2024-01-05,12,22860.88,327,37,2026,false,Normal
110,2024-01-05 13:00:00,2024-01-05,13,25457.26,336,36,2038,false,Normal
111,2024-01-05 14:00:00,2024-01-05,14,25879.64,324,37,1931,false,Normal
112,2024-01-05 15:00:00,2024-01-05,15,23779.8,337,33,2079,false,Normal
113,2024-01-05 16:00:00,2024-01-05,16,24091.73,334,29,1839,false,Normal
114,2024-01-05 17:00:00,2024-01-05,17,23095.74,325,39,1773,false,Normal
115,2024-01-05 18:00:00,2024-01-05,18,23711.17,295,34,1638,false,Normal
116,2024-01-05 19:00:00,2024-01-05,19,21135.21,283,26,1608,false,Normal
117,2024-01-05 20:00:00,2024-01-05,20,19499.23,261,20,1405,false,Normal
118,2024-01-05 21:00:00,2024-01-05,21,17363.95,197,19,1426,false,Normal
119,2024-01-05 22:00:00,2024-01-05,22,16996.93,205,24,1249,false,Normal
120,2024-01-05 23:00:00,2024-01-05,23,14854.73,212,24,1119,false,Normal
121,2024-01-06 00:00:00,2024-01-06,0,15327.65,195,20,972,false,Normal
122,2024-01-06 01:00:00,2024-01-06,1,13087.44,165,19,1011,false,Normal
123,2024-01-06 02:00:00,2024-01-06,2,13849.05,199,22,857,false,Normal
124,2024-01-06 03:00:00,2024-01-06,3,12467.48,175,19,1060,false,Normal
125,2024-01-06 04:00:00,2024-01-06,4,14520.29,158,24,1014,false,Normal
126,2024-01-06 05:00:00,2024-01-06,5,15897.43,203,19,1230,false,Normal
127,2024-01-06 06:00:00,2024-01-06,6,17766.04,199,14,1200,false,Normal
128,2024-01-06 07:00:00,2024-01-06,7,18351.78,243,25,1455,false,Normal
129,2024-01-06 08:00:00,2024-01-06,8,20320.51,253,21,1442,false,Normal
130,2024-01-06 09:00:00,2024-01-06,9,21879.52,269,31,1680,false,Normal
131,2024-01-06 10:00:00,2024-01-06,10,23990.91,299,22,1901,false,Normal
132,2024-01-06 11:00:00,2024-01-06,11,23416.02,314,35,1827,false,Normal
133,2024-01-06 12:00:00,2024-01-06,12,23404.78,323,34,1903,false,Normal
134,2024-01-06 13:00:00,2024-01-06,13,26273.6,322,31,1879,false,Normal
135,2024-01-06 14:00:00,2024-01-06,14,26536.17,366,33,1933,false,Normal
136,2024-01-06 15:00:00,2024-01-06,15,23378.39,359,35,2031,false,Normal
137,2024-01-06 16:00:00,2024-01-06,16,23959.49,347,33,1842,false,Normal
138,2024-01-06 17:00:00,2024-01-06,17,22654.98,320,27,1893,false,Normal
139,2024-01-06 18:00:00,2024-01-06,18,21483.04,292,28,1724,false,Normal
140,2024-01-06 19:00:00,2024-01-06,19,21340.82,260,26,1524,false,Normal
141,2024-01-06 20:00:00,2024-01-06,20,19076.16,244,26,1533,false,Normal
142,2024-01-06 21:00:00,2024-01-06,21,19625.15,231,27,1328,false,Normal
143,2024-01-06 22:00:00,2024-01-06,22,16196.39,229,25,1331,false,Normal
144,2024-01-06 23:00:00,2024-01-06,23,16019.99,205,25,1109,false,Normal
145,2024-01-07 00:00:00,2024-01-07,0,14043.45,180,15,1015,false,Normal
146,2024-01-07 01:00:00,2024-01-07,1,15460.55,158,23,899,false,Normal
147,2024-01-07 02:00:00,2024-01-07,2,14854.82,138,23,947,false,Normal
148,2024-01-07 03:00:00,2024-01-07,3,14340.15,181,17,1133,false,Normal
149,2024-01-07 04:00:00,2024-01-07,4,15593.6,189,20,1138,false,Normal
150,2024-01-07 05:00:00,2024-01-07,5,15365.76,216,23,1101,false,Normal
151,2024-01-07 06:00:00,2024-01-07,6,15821.16,225,19,1282,false,Normal
152,2024-01-07 07:00:00,2024-01-07,7,17852.15,254,26,1529,false,Normal
153,2024-01-07 08:00:00,2024-01-07,8,20510.64,268,24,1423,false,Normal
154,2024-01-07 09:00:00,2024-01-07,9,21350.99,300,30,1619,false,Normal
155,2024-01-07 10:00:00,2024-01-07,10,21803.81,317,30,1615,false,Normal
156,2024-01-07 11:00:00,2024-01-07,11,24631.05,283,29,1823,false,Normal
157,2024-01-07 12:00:00,2024-01-07,12,24750.97,321,30,1930,false,Normal
158,2024-01-07 13:00:00,2024-01-07,13,25733.63,332,40,2003,false,Normal
159,2024-01-07 14:00:00,2024-01-07,14,24601.62,333,31,2050,false,Normal
160,2024-01-07 15:00:00,2024-01-07,15,24581.14,334,31,2119,false,Normal
161,2024-01-07 16:00:00,2024-01-07,16,22733.9,324,34,1957,false,Normal
162,2024-01-07 17:00:00,2024-01-07,17,23422.21,327,32,1838,false,Normal
163,2024-01-07 18:00:00,2024-01-07,18,21418.16,305,26,1597,false,Normal
164,2024-01-07 19:00:00,2024-01-07,19,21697.58,276,26,1614,false,Normal
165,2024-01-07 20:00:00,2024-01-07,20,19389.07,255,25,1518,false,Normal
166,2024-01-07 21:00:00,2024-01-07,21,17971.35,247,31,1445,false,Normal
167,2024-01-07 22:00:00,2024-01-07,22,17137.52,221,23,1310,false,Normal
168,2024-01-07 23:00:00,2024-01-07,23,15980.11,221,23,1132,false,Normal
169,2024-01-08 00:00:00,2024-01-08,0,14365.09,198,24,986,false,Normal
170,2024-01-08 01:00:00,2024-01-08,1,14554.47,181,17,1000,false,Normal
171,2024-01-08 02:00:00,2024-01-08,2,15257.87,196,18,962,false,Normal
172,2024-01-08 03:00:00,2024-01-08,3,14933.99,188,16,986,false,Normal
173,2024-01-08 04:00:00,2024-01-08,4,14952.77,165,18,1046,false,Normal
174,2024-01-08 05:00:00,2024-01-08,5,15160.93,213,18,1164,false,Normal
175,2024-01-08 06:00:00,2024-01-08,6,16440.73,214,20,1464,false,Normal
176,2024-01-08 07:00:00,2024-01-08,7,18158.8,226,19,1259,false,Normal
177,2024-01-08 08:00:00,2024-01-08,8,18709.69,252,25,1578,false,Normal
178,2024-01-08 09:00:00,2024-01-08,9,20538.64,286,27,1674,false,Normal
179,2024-01-08 10:00:00,2024-01-08,10,22655.23,300,29,1897,false,Normal
180,2024-01-08 11:00:00,2024-01-08,11,23475.68,299,29,1727,false,Normal
181,2024-01-08 12:00:00,2024-01-08,12,23744.0,307,36,2101,false,Normal
182,2024-01-08 13:00:00,2024-01-08,13,25034.11,325,31,1886,false,Normal
183,2024-01-08 14:00:00,2024-01-08,14,23883.77,336,37,1969,false,Normal
184,2024-01-08 15:00:00,2024-01-08,15,23391.22,369,28,2028,false,Normal
185,2024-01-08 16:00:00,2024-01-08,16,25796.42,347,35,1784,false,Normal
186,2024-01-08 17:00:00,2024-01-08,17,24044.14,305,31,1744,false,Normal
187,2024-01-08 18:00:00,2024-01-08,18,21249.22,284,35,1682,false,Normal
188,2024-01-08 19:00:00,2024-01-08,19,19816.59,244,33,1680,false,Normal
189,2024-01-08 20:00:00,2024-01-08,20,19066.52,223,22,1440,false,Normal
190,2024-01-08 21:00:00,2024-01-08,21,19713.37,225,25,1241,false,Normal
191,2024-01-08 22:00:00,2024-01-08,22,16466.14,235,20,1143,false,Normal
192,2024-01-08 23:00:00,2024-01-08,23,16217.43,212,21,1231,false,Normal
193,2024-01-09 00:00:00,2024-01-09,0,14359.15,196,15,1047,false,Normal
194,2024-01-09 01:00:00,2024-01-09,1,14241.8,150,16,1070,false,Normal
195,2024-01-09 02:00:00,2024-01-09,2,12722.11,169,18,1227,false,Normal
196,2024-01-09 03:00:00,2024-01-09,3,14972.42,174,13,990,false,Normal
197,2024-01-09 04:00:00,2024-01-09,4,14762.67,207,17,1130,false,Normal
198,2024-01-09 05:00:00,2024-01-09,5,16498.05,199,22,1118,false,Normal
199,2024-01-09 06:00:00,2024-01-09,6,16772.14,197,22,1314,false,Normal
200,2024-01-09 07:00:00,2024-01-09,7,18542.46,235,26,1326,false,Normal
201,2024-01-09 08:00:00,2024-01-09,8,19315.38,239,28,1467,false,Normal
202,2024-01-09 09:00:00,2024-01-09,9,21111.24,283,28,1652,false,Normal
203,2024-01-09 10:00:00,2024-01-09,10,22850.1,298,31,1763,false,Normal
204,2024-01-09 11:00:00,2024-01-09,11,23856.09,312,34,1900,false,Normal
205,2024-01-09 12:00:00,2024-01-09,12,23588.3,326,30,1798,false,Normal
206,2024-01-09 13:00:00,2024-01-09,13,24642.82,357,35,1982,false,Normal
207,2024-01-09 14:00:00,2024-01-09,14,25343.75,349,37,2063,false,Normal
208,2024-01-09 15:00:00,2024-01-09,15,26519.1,354,28,1993,false,Normal
209,2024-01-09 16:00:00,2024-01-09,16,25095.18,326,28,1936,false,Normal
210,2024-01-09 17:00:00,2024-01-09,17,22900.07,283,31,1934,false,Normal
211,2024-01-09 18:00:00,2024-01-09,18,22822.36,310,30,1670,false,Normal
212,2024-01-09 19:00:00,2024-01-09,19,21912.4,277,26,1643,false,Normal
213,2024-01-09 20:00:00,2024-01-09,20,20890.44,267,27,1432,false,Normal
214,2024-01-09 21:00:00,2024-01-09,21,19644.76,252,28,1509,false,Normal
215,2024-01-09 22:00:00,2024-01-09,22,15802.1,233,24,1114,false,Normal
216,2024-01-09 23:00:00,2024-01-09,23,15902.77,196,14,1206,false,Normal
217,2024-01-10 00:00:00,2024-01-10,0,14579.51,189,21,1073,false,Normal
218,2024-01-10 01:00:00,2024-01-10,1,14548.77,163,20,989,false,Normal
219,2024-01-10 02:00:00,2024-01-10,2,13180.25,174,20,890,false,Normal
220,2024-01-10 03:00:00,2024-01-10,3,14735.19,177,23,1071,false,Normal
221,2024-01-10 04:00:00,2024-01-10,4,15000.03,203,17,1102,false,Normal
222,2024-01-10 05:00:00,2024-01-10,5,15456.04,195,21,1137,false,Normal
223,2024-01-10 06:00:00,2024-01-10,6,17832.84,224,23,1237,false,Normal
224,2024-01-10 07:00:00,2024-01-10,7,19110.83,211,18,1281,false,Normal
225,2024-01-10 08:00:00,2024-01-10,8,19515.37,230,22,1551,false,Normal
226,2024-01-10 09:00:00,2024-01-10,9,21353.05,258,30,1745,false,Normal
227,2024-01-10 10:00:00,2024-01-10,10,23974.76,302,30,1742,false,Normal
228,2024-01-10 11:00:00,2024-01-10,11,24751.8,324,28,1917,false,Normal
229,2024-01-10 12:00:00,2024-01-10,12,23772.22,338,29,1924,false,Normal
230,2024-01-10 13:00:00,2024-01-10,13,26769.62,319,34,2070,false,Normal
231,2024-01-10 14:00:00,2024-01-10,14,24813.54,356,35,1954,false,Normal
232,2024-01-10 15:00:00,2024-01-10,15,24180.73,340,28,1886,false,Normal
233,2024-01-10 16:00:00,2024-01-10,16,24421.46,310,32,1841,false,Normal
234,2024-01-10 17:00:00,2024-01-10,17,24391.42,330,33,1867,false,Normal
235,2024-01-10 18:00:00,2024-01-10,18,21822.01,282,36,1796,false,Normal
236,2024-01-10 19:00:00,2024-01-10,19,20793.62,287,30,1727,false,Normal
237,2024-01-10 20:00:00,2024-01-10,20,20852.53,271,23,1506,false,Normal
238,2024-01-10 21:00:00,2024-01-10,21,18484.27,238,24,1138,false,Normal
239,2024-01-10 22:00:00,2024-01-10,22,18097.4,217,27,1321,false,Normal
240,2024-01-10 23:00:00,2024-01-10,23,15941.89,234,18,1354,false,Normal
241,2024-01-11 00:00:00,2024-01-11,0,14814.22,162,16,1076,false,Normal
242,2024-01-11 01:00:00,2024-01-11,1,12722.05,180,16,963,false,Normal
243,2024-01-11 02:00:00,2024-01-11,2,13551.46,168,18,1021,false,Normal
244,2024-01-11 03:00:00,2024-01-11,3,14077.86,183,19,1059,false,Normal
245,2024-01-11 04:00:00,2024-01-11,4,14919.21,218,24,988,false,Normal
246,2024-01-11 05:00:00,2024-01-11,5,14758.69,187,22,1101,false,Normal
247,2024-01-11 06:00:00,2024-01-11,6,17702.22,206,17,1119,false,Normal
248,2024-01-11 07:00:00,2024-01-11,7,16740.94,233,30,1424,false,Normal
249,2024-01-11 08:00:00,2024-01-11,8,19602.2,249,24,1440,false,Normal
250,2024-01-11 09:00:00,2024-01-11,9,20600.31,283,30,1602,false,Normal
251,2024-01-11 10:00:00,2024-01-11,10,22771.3,298,28,1782,false,Normal
252,2024-01-11 11:00:00,2024-01-11,11,22981.84,317,31,1932,false,Normal
253,2024-01-11 12:00:00,2024-01-11,12,24199.42,334,29,1915,false,Normal
254,2024-01-11 13:00:00,2024-01-11,13,25856.34,357,35,1942,false,Normal
255,2024-01-11 14:00:00,2024-01-11,14,24356.28,327,32,2027,false,Normal
256,2024-01-11 15:00:00,2024-01-11,15,24238.19,321,30,1928,false,Normal
257,2024-01-11 16:00:00,2024-01-11,16,22600.73,306,29,1907,false,Normal
258,2024-01-11 17:00:00,2024-01-11,17,24689.19,328,32,1733,false,Normal
259,2024-01-11 18:00:00,2024-01-11,18,21835.52,309,33,1575,false,Normal
260,2024-01-11 19:00:00,2024-01-11,19,22016.37,278,30,1586,false,Normal
261,2024-01-11 20:00:00,2024-01-11,20,19452.8,241,26,1616,false,Normal
262,2024-01-11 21:00:00,2024-01-11,21,19128.25,251,21,1352,false,Normal
263,2024-01-11 22:00:00,2024-01-11,22,16278.9,225,24,1161,false,Normal
264,2024-01-11 23:00:00,2024-01-11,23,15181.26,217,23,1055,false,Normal
265,2024-01-12 00:00:00,2024-01-12,0,14673.6,209,22,1039,false,Normal
266,2024-01-12 01:00:00,2024-01-12,1,15052.05,188,15,1143,false,Normal
267,2024-01-12 02:00:00,2024-01-12,2,13671.18,178,13,962,false,Normal
268,2024-01-12 03:00:00,2024-01-12,3,13614.66,156,19,963,false,Normal
269,2024-01-12 04:00:00,2024-01-12,4,15478.08,186,22,1071,false,Normal
270,2024-01-12 05:00:00,2024-01-12,5,15459.71,200,17,1109,false,Normal
271,2024-01-12 06:00:00,2024-01-12,6,17409.01,232,21,1243,false,Normal
272,2024-01-12 07:00:00,2024-01-12,7,16981.13,231,22,1271,false,Normal
273,2024-01-12 08:00:00,2024-01-12,8,20455.15,256,25,1558,false,Normal
274,2024-01-12 09:00:00,2024-01-12,9,20186.62,290,21,1586,false,Normal
275,2024-01-12 10:00:00,2024-01-12,10,20640.64,318,32,1701,false,Normal
276,2024-01-12 11:00:00,2024-01-12,11,23393.39,303,32,1911,false,Normal
277,2024-01-12 12:00:00,2024-01-12,12,23774.38,335,30,1908,false,Normal
278,2024-01-12 13:00:00,2024-01-12,13,24988.18,348,31,1974,false,Normal
279,2024-01-12 14:00:00,2024-01-12,14,25361.63,351,38,1987,false,Normal
280,2024-01-12 15:00:00,2024-01-12,15,26357.98,325,36,2103,false,Normal
281,2024-01-12 16:00:00,2024-01-12,16,25755.79,327,29,1819,false,Normal
282,2024-01-12 17:00:00,2024-01-12,17,23051.19,289,29,1717,false,Normal
283,2024-01-12 18:00:00,2024-01-12,18,22522.81,316,29,1859,false,Normal
284,2024-01-12 19:00:00,2024-01-12,19,20655.2,290,25,1647,false,Normal
285,2024-01-12 20:00:00,2024-01-12,20,20156.99,265,29,1512,false,Normal
286,2024-01-12 21:00:00,2024-01-12,21,18158.98,242,27,1401,false,Normal
287,2024-01-12 22:00:00,2024-01-12,22,17136.46,223,25,1074,false,Normal
288,2024-01-12 23:00:00,2024-01-12,23,15116.33,204,20,1035,false,Normal
289,2024-01-13 00:00:00,2024-01-13,0,15994.21,193,17,1173,false,Normal
290,2024-01-13 01:00:00,2024-01-13,1,14961.99,160,11,951,false,Normal
291,2024-01-13 02:00:00,2024-01-13,2,14702.44,192,19,1063,false,Normal
292,2024-01-13 03:00:00,2024-01-13,3,14037.37,200,20,948,false,Normal
293,2024-01-13 04:00:00,2024-01-13,4,14694.35,192,21,996,false,Normal
294,2024-01-13 05:00:00,2024-01-13,5,15558.83,212,18,1217,false,Normal
295,2024-01-13 06:00:00,2024-01-13,6,17379.16,211,21,1265,false,Normal
296,2024-01-13 07:00:00,2024-01-13,7,18061.15,223,21,1504,false,Normal
297,2024-01-13 08:00:00,2024-01-13,8,19157.04,268,24,1353,false,Normal
298,2024-01-13 09:00:00,2024-01-13,9,22582.38,268,28,1564,false,Normal
299,2024-01-13 10:00:00,2024-01-13,10,21908.65,298,28,1784,false,Normal
300,2024-01-13 11:00:00,2024-01-13,11,24756.96,311,35,1805,false,Normal
301,2024-01-13 12:00:00,2024-01-13,12,24593.33,320,32,1928,false,Normal
302,2024-01-13 13:00:00,2024-01-13,13,25845.57,347,35,1961,false,Normal
303,2024-01-13 14:00:00,2024-01-13,14,25711.06,353,34,1959,false,Normal
304,2024-01-13 15:00:00,2024-01-13,15,25017.59,316,36,1835,false,Normal
305,2024-01-13 16:00:00,2024-01-13,16,25218.58,315,30,1899,false,Normal
306,2024-01-13 17:00:00,2024-01-13,17,23941.47,309,34,1936,false,Normal
307,2024-01-13 18:00:00,2024-01-13,18,23037.96,285,33,1707,false,Normal
308,2024-01-13 19:00:00,2024-01-13,19,22653.16,274,21,1707,false,Normal
309,2024-01-13 20:00:00,2024-01-13,20,19321.82,243,22,1626,false,Normal
310,2024-01-13 21:00:00,2024-01-13,21,17925.05,233,24,1406,false,Normal
311,2024-01-13 22:00:00,2024-01-13,22,15803.21,223,19,1248,false,Normal
312,2024-01-13 23:00:00,2024-01-13,23,15688.42,252,24,1364,false,Normal
313,2024-01-14 00:00:00,2024-01-14,0,14513.81,205,19,1182,false,Normal
314,2024-01-14 01:00:00,2024-01-14,1,12550.18,162,13,1083,false,Normal
315,2024-01-14 02:00:00,2024-01-14,2,13332.56,184,19,979,false,Normal
316,2024-01-14 03:00:00,2024-01-14,3,14934.74,179,21,968,false,Normal
317,2024-01-14 04:00:00,2024-01-14,4,15119.02,200,14,1078,false,Normal
318,2024-01-14 05:00:00,2024-01-14,5,15352.82,191,27,1213,false,Normal
319,2024-01-14 06:00:00,2024-01-14,6,17650.4,248,24,1208,false,Normal
320,2024-01-14 07:00:00,2024-01-14,7,19254.71,224,20,1397,false,Normal
321,2024-01-14 08:00:00,2024-01-14,8,20057.54,249,24,1445,false,Normal
322,2024-01-14 09:00:00,2024-01-14,9,21298.15,280,26,1622,false,Normal
323,2024-01-14 10:00:00,2024-01-14,10,23105.93,298,29,1724,false,Normal
324,2024-01-14 11:00:00,2024-01-14,11,24629.3,324,35,1877,false,Normal
325,2024-01-14 12:00:00,2024-01-14,12,23021.03,323,33,2025,false,Normal
326,2024-01-14 13:00:00,2024-01-14,13,22902.71,347,37,1906,false,Normal
327,2024-01-14 14:00:00,2024-01-14,14,23803.78,387,33,1946,false,Normal
328,2024-01-14 15:00:00,2024-01-14,15,24920.58,352,31,2086,false,Normal
329,2024-01-14 16:00:00,2024-01-14,16,22939.44,327,33,2043,false,Normal
330,2024-01-14 17:00:00,2024-01-14,17,23279.2,314,30,1671,false,Normal
331,2024-01-14 18:00:00,2024-01-14,18,21840.4,333,29,1807,false,Normal
332,2024-01-14 19:00:00,2024-01-14,19,20666.37,284,27,1567,false,Normal
333,2024-01-14 20:00:00,2024-01-14,20,19843.83,248,28,1551,false,Normal
334,2024-01-14 21:00:00,2024-01-14,21,17446.44,227,27,1451,false,Normal
335,2024-01-14 22:00:00,2024-01-14,22,16451.14,217,21,1353,false,Normal
336,2024-01-14 23:00:00,2024-01-14,23,16262.83,210,17,1067,false,Normal
337,2024-01-15 00:00:00,2024-01-15,0,15488.3,215,10,946,false,Normal
338,2024-01-15 01:00:00,2024-01-15,1,14696.77,179,15,1067,false,Normal
339,2024-01-15 02:00:00,2024-01-15,2,12936.48,193,16,1124,false,Normal
340,2024-01-15 03:00:00,2024-01-15,3,14023.61,197,260,943,true,Bot Attack (Signup Surge)
341,2024-01-15 04:00:00,2024-01-15,4,14257.9,191,14,1150,false,Normal
342,2024-01-15 05:00:00,2024-01-15,5,15587.63,168,15,1060,false,Normal
343,2024-01-15 06:00:00,2024-01-15,6,15856.77,222,21,1279,false,Normal
344,2024-01-15 07:00:00,2024-01-15,7,17500.3,253,21,1309,false,Normal
345,2024-01-15 08:00:00,2024-01-15,8,19870.39,244,28,1613,false,Normal
346,2024-01-15 09:00:00,2024-01-15,9,21691.12,267,26,1673,false,Normal
347,2024-01-15 10:00:00,2024-01-15,10,22087.04,320,34,1834,false,Normal
348,2024-01-15 11:00:00,2024-01-15,11,24680.94,304,29,1897,false,Normal
349,2024-01-15 12:00:00,2024-01-15,12,25707.9,315,32,1970,false,Normal
350,2024-01-15 13:00:00,2024-01-15,13,24734.31,304,32,1948,false,Normal
351,2024-01-15 14:00:00,2024-01-15,14,24702.08,324,33,1839,false,Normal
352,2024-01-15 15:00:00,2024-01-15,15,24077.37,328,33,2040,false,Normal
353,2024-01-15 16:00:00,2024-01-15,16,23778.45,336,31,1831,false,Normal
354,2024-01-15 17:00:00,2024-01-15,17,23506.85,323,35,1847,false,Normal
355,2024-01-15 18:00:00,2024-01-15,18,22499.61,316,30,1632,false,Normal
356,2024-01-15 19:00:00,2024-01-15,19,20398.32,291,27,1665,false,Normal
357,2024-01-15 20:00:00,2024-01-15,20,20403.23,263,26,1491,false,Normal
358,2024-01-15 21:00:00,2024-01-15,21,18300.56,237,25,1355,false,Normal
359,2024-01-15 22:00:00,2024-01-15,22,16786.16,189,21,1186,false,Normal
360,2024-01-15 23:00:00,2024-01-15,23,15097.17,199,19,1218,false,Normal
361,2024-01-16 00:00:00,2024-01-16,0,15049.2,188,16,907,false,Normal
362,2024-01-16 01:00:00,2024-01-16,1,14208.17,210,14,1096,false,Normal
363,2024-01-16 02:00:00,2024-01-16,2,13634.8,169,22,1055,false,Normal
364,2024-01-16 03:00:00,2024-01-16,3,13717.92,189,15,1094,false,Normal
365,2024-01-16 04:00:00,2024-01-16,4,15991.08,179,23,1046,false,Normal
366,2024-01-16 05:00:00,2024-01-16,5,15792.02,217,21,1044,false,Normal
367,2024-01-16 06:00:00,2024-01-16,6,16518.39,213,22,1303,false,Normal
368,2024-01-16 07:00:00,2024-01-16,7,19606.34,258,22,1375,false,Normal
369,2024-01-16 08:00:00,2024-01-16,8,20453.0,257,19,1467,false,Normal
370,2024-01-16 09:00:00,2024-01-16,9,20517.63,282,25,1558,false,Normal
371,2024-01-16 10:00:00,2024-01-16,10,21840.27,282,34,1802,false,Normal
372,2024-01-16 11:00:00,2024-01-16,11,21957.09,314,35,1903,false,Normal
373,2024-01-16 12:00:00,2024-01-16,12,24439.59,328,30,1839,false,Normal
374,2024-01-16 13:00:00,2024-01-16,13,24880.25,341,35,2043,false,Normal
375,2024-01-16 14:00:00,2024-01-16,14,25527.26,315,29,2071,false,Normal
376,2024-01-16 15:00:00,2024-01-16,15,25549.07,324,31,1991,false,Normal
377,2024-01-16 16:00:00,2024-01-16,16,23087.87,318,34,1908,false,Normal
378,2024-01-16 17:00:00,2024-01-16,17,23839.45,297,34,2003,false,Normal
379,2024-01-16 18:00:00,2024-01-16,18,21685.36,310,26,1680,false,Normal
380,2024-01-16 19:00:00,2024-01-16,19,21490.43,280,26,1640,false,Normal
381,2024-01-16 20:00:00,2024-01-16,20,18416.01,259,30,1557,false,Normal
382,2024-01-16 21:00:00,2024-01-16,21,18740.26,243,28,1254,false,Normal
383,2024-01-16 22:00:00,2024-01-16,22,15968.49,233,27,1301,false,Normal
384,2024-01-16 23:00:00,2024-01-16,23,15066.37,201,20,1289,false,Normal
385,2024-01-17 00:00:00,2024-01-17,0,16103.66,209,22,927,false,Normal
386,2024-01-17 01:00:00,2024-01-17,1,13256.29,182,17,1130,false,Normal
387,2024-01-17 02:00:00,2024-01-17,2,14739.75,186,19,997,false,Normal
388,2024-01-17 03:00:00,2024-01-17,3,14128.93,174,18,929,false,Normal
389,2024-01-17 04:00:00,2024-01-17,4,15606.08,186,19,1014,false,Normal
390,2024-01-17 05:00:00,2024-01-17,5,14568.51,200,20,1126,false,Normal
391,2024-01-17 06:00:00,2024-01-17,6,17979.94,217,19,1302,false,Normal
392,2024-01-17 07:00:00,2024-01-17,7,18139.48,269,24,1325,false,Normal
393,2024-01-17 08:00:00,2024-01-17,8,19952.95,268,17,1531,false,Normal
394,2024-01-17 09:00:00,2024-01-17,9,19953.76,283,29,1675,false,Normal
395,2024-01-17 10:00:00,2024-01-17,10,21629.61,327,27,1584,false,Normal
396,2024-01-17 11:00:00,2024-01-17,11,23844.64,303,28,1910,false,Normal
397,2024-01-17 12:00:00,2024-01-17,12,23519.64,335,32,1858,false,Normal
398,2024-01-17 13:00:00,2024-01-17,13,23532.55,301,38,2061,false,Normal
399,2024-01-17 14:00:00,2024-01-17,14,25245.02,344,35,2020,false,Normal
400,2024-01-17 15:00:00,2024-01-17,15,25696.65,336,36,1863,false,Normal
401,2024-01-17 16:00:00,2024-01-17,16,23548.21,326,36,2004,false,Normal
402,2024-01-17 17:00:00,2024-01-17,17,22738.05,309,29,1828,false,Normal
403,2024-01-17 18:00:00,2024-01-17,18,22349.68,303,29,1886,false,Normal
404,2024-01-17 19:00:00,2024-01-17,19,20439.56,308,25,1573,false,Normal
405,2024-01-17 20:00:00,2024-01-17,20,19644.44,302,24,1511,false,Normal
406,2024-01-17 21:00:00,2024-01-17,21,15574.31,242,22,1419,false,Normal
407,2024-01-17 22:00:00,2024-01-17,22,17841.43,209,17,1391,false,Normal
408,2024-01-17 23:00:00,2024-01-17,23,15316.83,206,18,1129,false,Normal
409,2024-01-18 00:00:00,2024-01-18,0,13966.2,194,18,1156,false,Normal
410,2024-01-18 01:00:00,2024-01-18,1,12961.84,190,16,989,false,Normal
411,2024-01-18 02:00:00,2024-01-18,2,13534.74,210,20,1052,false,Normal
412,2024-01-18 03:00:00,2024-01-18,3,15038.02,179,15,1003,false,Normal
413,2024-01-18 04:00:00,2024-01-18,4,14127.13,186,20,1200,false,Normal
414,2024-01-18 05:00:00,2024-01-18,5,15991.83,221,23,1204,false,Normal
415,2024-01-18 06:00:00,2024-01-18,6,17272.88,192,21,1205,false,Normal
416,2024-01-18 07:00:00,2024-01-18,7,19468.83,236,29,1225,false,Normal
417,2024-01-18 08:00:00,2024-01-18,8,20148.46,272,26,1482,false,Normal
418,2024-01-18 09:00:00,2024-01-18,9,21473.94,306,27,1615,false,Normal
419,2024-01-18 10:00:00,2024-01-18,10,22450.87,293,33,1856,false,Normal
420,2024-01-18 11:00:00,2024-01-18,11,24004.51,321,33,1712,false,Normal
421,2024-01-18 12:00:00,2024-01-18,12,23560.85,304,36,1840,false,Normal
422,2024-01-18 13:00:00,2024-01-18,13,24963.87,362,36,1992,false,Normal
423,2024-01-18 14:00:00,2024-01-18,14,24430.5,330,34,2030,false,Normal
424,2024-01-18 15:00:00,2024-01-18,15,24685.75,321,28,1956,false,Normal
425,2024-01-18 16:00:00,2024-01-18,16,23710.19,347,37,1783,false,Normal
426,2024-01-18 17:00:00,2024-01-18,17,23515.42,355,35,1824,false,Normal
427,2024-01-18 18:00:00,2024-01-18,18,23054.91,302,30,1883,false,Normal
428,2024-01-18 19:00:00,2024-01-18,19,20253.52,297,25,1668,false,Normal
429,2024-01-18 20:00:00,2024-01-18,20,19418.72,261,33,1445,false,Normal
430,2024-01-18 21:00:00,2024-01-18,21,19408.78,228,24,1466,false,Normal
431,2024-01-18 22:00:00,2024-01-18,22,16807.04,224,21,1250,false,Normal
432,2024-01-18 23:00:00,2024-01-18,23,16330.28,214,18,1204,false,Normal
433,2024-01-19 00:00:00,2024-01-19,0,15050.58,203,21,1114,false,Normal
434,2024-01-19 01:00:00,2024-01-19,1,13791.07,171,20,1035,false,Normal
435,2024-01-19 02:00:00,2024-01-19,2,14988.79,195,22,980,false,Normal
436,2024-01-19 03:00:00,2024-01-19,3,13996.94,184,15,1074,false,Normal
437,2024-01-19 04:00:00,2024-01-19,4,16517.3,203,23,1026,false,Normal
438,2024-01-19 05:00:00,2024-01-19,5,16368.17,208,15,1139,false,Normal
439,2024-01-19 06:00:00,2024-01-19,6,16179.35,243,15,1206,false,Normal
440,2024-01-19 07:00:00,2024-01-19,7,18232.66,226,27,1459,false,Normal
441,2024-01-19 08:00:00,2024-01-19,8,19882.86,252,23,1529,false,Normal
442,2024-01-19 09:00:00,2024-01-19,9,21350.7,286,27,1664,false,Normal
443,2024-01-19 10:00:00,2024-01-19,10,21942.83,306,31,1739,false,Normal
444,2024-01-19 11:00:00,2024-01-19,11,22660.43,308,33,1893,false,Normal
445,2024-01-19 12:00:00,2024-01-19,12,25036.67,327,30,1842,false,Normal
446,2024-01-19 13:00:00,2024-01-19,13,24921.99,372,31,2004,false,Normal
447,2024-01-19 14:00:00,2024-01-19,14,24395.02,358,33,2148,false,Normal
448,2024-01-19 15:00:00,2024-01-19,15,25041.22,333,33,1835,false,Normal
449,2024-01-19 16:00:00,2024-01-19,16,24210.63,342,31,1944,false,Normal
450,2024-01-19 17:00:00,2024-01-19,17,22764.43,315,29,1930,false,Normal
451,2024-01-19 18:00:00,2024-01-19,18,21506.46,297,39,1776,false,Normal
452,2024-01-19 19:00:00,2024-01-19,19,20903.47,271,27,1618,false,Normal
453,2024-01-19 20:00:00,2024-01-19,20,20633.9,279,30,1396,false,Normal
454,2024-01-19 21:00:00,2024-01-19,21,17925.64,213,32,1405,false,Normal
455,2024-01-19 22:00:00,2024-01-19,22,16024.57,211,25,956,false,Normal
456,2024-01-19 23:00:00,2024-01-19,23,14689.78,191,14,1206,false,Normal
457,2024-01-20 00:00:00,2024-01-20,0,14005.38,185,21,1086,false,Normal
458,2024-01-20 01:00:00,2024-01-20,1,15099.21,213,19,1022,false,Normal
459,2024-01-20 02:00:00,2024-01-20,2,15105.87,142,15,1008,false,Normal
460,2024-01-20 03:00:00,2024-01-20,3,12723.4,190,21,982,false,Normal
461,2024-01-20 04:00:00,2024-01-20,4,13705.54,187,18,969,false,Normal
462,2024-01-20 05:00:00,2024-01-20,5,13958.05,185,13,1100,false,Normal
463,2024-01-20 06:00:00,2024-01-20,6,17137.27,236,27,1202,false,Normal
464,2024-01-20 07:00:00,2024-01-20,7,17040.27,239,17,1305,false,Normal
465,2024-01-20 08:00:00,2024-01-20,8,20062.17,239,22,1450,false,Normal
466,2024-01-20 09:00:00,2024-01-20,9,20542.57,320,26,1644,false,Normal
467,2024-01-20 10:00:00,2024-01-20,10,22324.8,294,28,1807,false,Normal
468,2024-01-20 11:00:00,2024-01-20,11,23830.91,312,35,1878,false,Normal
469,2024-01-20 12:00:00,2024-01-20,12,23856.79,339,35,1863,false,Normal
470,2024-01-20 13:00:00,2024-01-20,13,24865.46,335,41,2040,false,Normal
471,2024-01-20 14:00:00,2024-01-20,14,24688.11,346,40,1910,false,Normal
472,2024-01-20 15:00:00,2024-01-20,15,25510.4,352,32,2065,false,Normal
473,2024-01-20 16:00:00,2024-01-20,16,24010.24,335,35,1904,false,Normal
474,2024-01-20 17:00:00,2024-01-20,17,23311.94,330,30,1731,false,Normal
475,2024-01-20 18:00:00,2024-01-20,18,21234.63,322,30,1813,false,Normal
476,2024-01-20 19:00:00,2024-01-20,19,20621.69,248,26,1538,false,Normal
477,2024-01-20 20:00:00,2024-01-20,20,19527.82,275,25,1383,false,Normal
478,2024-01-20 21:00:00,2024-01-20,21,17703.32,242,24,1332,false,Normal
479,2024-01-20 22:00:00,2024-01-20,22,16568.41,235,22,1161,false,Normal
480,2024-01-20 23:00:00,2024-01-20,23,14578.58,211,22,1240,false,Normal
481,2024-01-21 00:00:00,2024-01-21,0,15016.31,197,19,1045,false,Normal
482,2024-01-21 01:00:00,2024-01-21,1,13229.31,195,16,1103,false,Normal
483,2024-01-21 02:00:00,2024-01-21,2,13717.45,164,19,991,false,Normal
484,2024-01-21 03:00:00,2024-01-21,3,13314.42,155,19,975,false,Normal
485,2024-01-21 04:00:00,2024-01-21,4,15032.19,194,20,1056,false,Normal
486,2024-01-21 05:00:00,2024-01-21,5,15834.16,192,24,1115,false,Normal
487,2024-01-21 06:00:00,2024-01-21,6,17739.51,223,24,1372,false,Normal
488,2024-01-21 07:00:00,2024-01-21,7,17537.51,254,22,1404,false,Normal
489,2024-01-21 08:00:00,2024-01-21,8,19351.78,264,22,1550,false,Normal
490,2024-01-21 09:00:00,2024-01-21,9,20272.66,287,28,1615,false,Normal
491,2024-01-21 10:00:00,2024-01-21,10,23017.25,319,34,1548,false,Normal
492,2024-01-21 11:00:00,2024-01-21,11,24366.61,319,31,2004,false,Normal
493,2024-01-21 12:00:00,2024-01-21,12,25591.82,355,31,2009,false,Normal
494,2024-01-21 13:00:00,2024-01-21,13,23303.84,324,32,1972,false,Normal
495,2024-01-21 14:00:00,2024-01-21,14,24268.78,365,34,1923,false,Normal
496,2024-01-21 15:00:00,2024-01-21,15,23910.08,341,33,2027,false,Normal
497,2024-01-21 16:00:00,2024-01-21,16,23883.15,339,36,1880,false,Normal
498,2024-01-21 17:00:00,2024-01-21,17,24061.97,321,33,1766,false,Normal
499,2024-01-21 18:00:00,2024-01-21,18,23192.39,319,25,1809,false,Normal
500,2024-01-21 19:00:00,2024-01-21,19,24332.0,281,31,1645,false,Normal
501,2024-01-21 20:00:00,2024-01-21,20,18286.64,277,28,1495,false,Normal
502,2024-01-21 21:00:00,2024-01-21,21,17909.4,211,28,1535,false,Normal
503,2024-01-21 22:00:00,2024-01-21,22,16461.19,226,15,1221,false,Normal
504,2024-01-21 23:00:00,2024-01-21,23,16051.72,194,18,1098,false,Normal
505,2024-01-22 00:00:00,2024-01-22,0,14831.47,223,22,1035,false,Normal
506,2024-01-22 01:00:00,2024-01-22,1,14648.87,209,17,997,false,Normal
507,2024-01-22 02:00:00,2024-01-22,2,14779.54,180,19,1005,false,Normal
508,2024-01-22 03:00:00,2024-01-22,3,14049.39,228,15,990,false,Normal
509,2024-01-22 04:00:00,2024-01-22,4,15239.73,203,18,1046,false,Normal
510,2024-01-22 05:00:00,2024-01-22,5,15650.14,198,22,1053,false,Normal
511,2024-01-22 06:00:00,2024-01-22,6,16505.93,227,23,1248,false,Normal
512,2024-01-22 07:00:00,2024-01-22,7,18710.67,203,23,1313,false,Normal
513,2024-01-22 08:00:00,2024-01-22,8,19998.16,267,31,1436,false,Normal
514,2024-01-22 09:00:00,2024-01-22,9,19490.45,301,28,1603,false,Normal
515,2024-01-22 10:00:00,2024-01-22,10,22880.14,271,28,1754,false,Normal
516,2024-01-22 11:00:00,2024-01-22,11,23348.01,318,33,1858,false,Normal
517,2024-01-22 12:00:00,2024-01-22,12,23665.21,319,34,2034,false,Normal
518,2024-01-22 13:00:00,2024-01-22,13,24669.66,364,32,1952,false,Normal
519,2024-01-22 14:00:00,2024-01-22,14,25026.24,374,32,1935,false,Normal
520,2024-01-22 15:00:00,2024-01-22,15,25666.87,346,30,2017,false,Normal
521,2024-01-22 16:00:00,2024-01-22,16,25031.09,330,34,1952,false,Normal
522,2024-01-22 17:00:00,2024-01-22,17,23236.22,306,32,1863,false,Normal
523,2024-01-22 18:00:00,2024-01-22,18,1485.0,1350,28,1770,true,Pricing Glitch Surge
524,2024-01-22 19:00:00,2024-01-22,19,22431.3,266,27,1653,false,Normal
525,2024-01-22 20:00:00,2024-01-22,20,19205.41,270,23,1375,false,Normal
526,2024-01-22 21:00:00,2024-01-22,21,17202.07,231,28,1407,false,Normal
527,2024-01-22 22:00:00,2024-01-22,22,15363.46,201,22,1313,false,Normal
528,2024-01-22 23:00:00,2024-01-22,23,14832.84,208,18,1147,false,Normal
529,2024-01-23 00:00:00,2024-01-23,0,14653.5,215,16,1031,false,Normal
530,2024-01-23 01:00:00,2024-01-23,1,15219.03,177,20,929,false,Normal
531,2024-01-23 02:00:00,2024-01-23,2,13124.29,186,18,900,false,Normal
532,2024-01-23 03:00:00,2024-01-23,3,14178.9,203,20,1084,false,Normal
533,2024-01-23 04:00:00,2024-01-23,4,14138.19,196,21,1012,false,Normal
534,2024-01-23 05:00:00,2024-01-23,5,15993.22,185,21,1115,false,Normal
535,2024-01-23 06:00:00,2024-01-23,6,18332.98,213,22,1183,false,Normal
536,2024-01-23 07:00:00,2024-01-23,7,19176.35,218,22,1235,false,Normal
537,2024-01-23 08:00:00,2024-01-23,8,18467.29,270,27,1563,false,Normal
538,2024-01-23 09:00:00,2024-01-23,9,21577.44,286,28,1441,false,Normal
539,2024-01-23 10:00:00,2024-01-23,10,22249.38,288,31,1798,false,Normal
540,2024-01-23 11:00:00,2024-01-23,11,23070.14,304,34,1848,false,Normal
541,2024-01-23 12:00:00,2024-01-23,12,23672.57,343,34,2033,false,Normal
542,2024-01-23 13:00:00,2024-01-23,13,24423.31,343,35,2034,false,Normal
543,2024-01-23 14:00:00,2024-01-23,14,23419.63,322,36,2109,false,Normal
544,2024-01-23 15:00:00,2024-01-23,15,24785.07,337,37,1980,false,Normal
545,2024-01-23 16:00:00,2024-01-23,16,24634.34,313,30,1874,false,Normal
546,2024-01-23 17:00:00,2024-01-23,17,23932.02,323,37,1842,false,Normal
547,2024-01-23 18:00:00,2024-01-23,18,21676.7,305,33,1589,false,Normal
548,2024-01-23 19:00:00,2024-01-23,19,22096.24,270,26,1617,false,Normal
549,2024-01-23 20:00:00,2024-01-23,20,19152.77,251,23,1587,false,Normal
550,2024-01-23 21:00:00,2024-01-23,21,18205.94,243,24,1285,false,Normal
551,2024-01-23 22:00:00,2024-01-23,22,17774.93,221,21,1181,false,Normal
552,2024-01-23 23:00:00,2024-01-23,23,15970.43,210,15,1235,false,Normal
553,2024-01-24 00:00:00,2024-01-24,0,15382.94,207,20,986,false,Normal
554,2024-01-24 01:00:00,2024-01-24,1,14274.82,192,18,1050,false,Normal
555,2024-01-24 02:00:00,2024-01-24,2,13923.98,178,22,1160,false,Normal
556,2024-01-24 03:00:00,2024-01-24,3,13761.77,168,26,1030,false,Normal
557,2024-01-24 04:00:00,2024-01-24,4,14417.87,165,26,1078,false,Normal
558,2024-01-24 05:00:00,2024-01-24,5,16235.43,219,21,1184,false,Normal
559,2024-01-24 06:00:00,2024-01-24,6,17690.0,214,22,1437,false,Normal
560,2024-01-24 07:00:00,2024-01-24,7,17837.96,224,23,1462,false,Normal
561,2024-01-24 08:00:00,2024-01-24,8,18201.03,271,22,1536,false,Normal
562,2024-01-24 09:00:00,2024-01-24,9,20416.61,258,27,1562,false,Normal
563,2024-01-24 10:00:00,2024-01-24,10,21556.99,305,31,1761,false,Normal
564,2024-01-24 11:00:00,2024-01-24,11,25172.52,315,28,1723,false,Normal
565,2024-01-24 12:00:00,2024-01-24,12,24195.24,347,34,1851,false,Normal
566,2024-01-24 13:00:00,2024-01-24,13,24740.43,322,33,2009,false,Normal
567,2024-01-24 14:00:00,2024-01-24,14,25934.24,333,33,2002,false,Normal
568,2024-01-24 15:00:00,2024-01-24,15,24621.65,320,32,1815,false,Normal
569,2024-01-24 16:00:00,2024-01-24,16,23236.46,318,33,1761,false,Normal
570,2024-01-24 17:00:00,2024-01-24,17,22661.08,300,39,1892,false,Normal
571,2024-01-24 18:00:00,2024-01-24,18,22620.7,314,27,1825,false,Normal
572,2024-01-24 19:00:00,2024-01-24,19,21167.95,283,30,1723,false,Normal
573,2024-01-24 20:00:00,2024-01-24,20,18000.37,259,34,1600,false,Normal
574,2024-01-24 21:00:00,2024-01-24,21,18317.39,230,21,1517,false,Normal
575,2024-01-24 22:00:00,2024-01-24,22,17131.34,206,24,1215,false,Normal
576,2024-01-24 23:00:00,2024-01-24,23,15005.09,196,17,1025,false,Normal
577,2024-01-25 00:00:00,2024-01-25,0,15307.31,191,12,826,false,Normal
578,2024-01-25 01:00:00,2024-01-25,1,14653.95,204,26,1005,false,Normal
579,2024-01-25 02:00:00,2024-01-25,2,14187.65,162,12,1012,false,Normal
580,2024-01-25 03:00:00,2024-01-25,3,13660.39,185,19,908,false,Normal
581,2024-01-25 04:00:00,2024-01-25,4,15599.03,200,24,1131,false,Normal
582,2024-01-25 05:00:00,2024-01-25,5,15046.37,195,20,1058,false,Normal
583,2024-01-25 06:00:00,2024-01-25,6,17354.58,222,28,1212,false,Normal
584,2024-01-25 07:00:00,2024-01-25,7,17699.66,265,26,1280,false,Normal
585,2024-01-25 08:00:00,2024-01-25,8,18835.21,268,24,1488,false,Normal
586,2024-01-25 09:00:00,2024-01-25,9,20609.09,317,24,1536,false,Normal
587,2024-01-25 10:00:00,2024-01-25,10,22153.76,306,28,1627,false,Normal
588,2024-01-25 11:00:00,2024-01-25,11,23188.29,302,35,1934,false,Normal
589,2024-01-25 12:00:00,2024-01-25,12,23673.46,324,35,2021,false,Normal
590,2024-01-25 13:00:00,2024-01-25,13,24121.66,359,36,2140,false,Normal
591,2024-01-25 14:00:00,2024-01-25,14,25784.13,315,34,2024,false,Normal
592,2024-01-25 15:00:00,2024-01-25,15,25154.07,348,32,2003,false,Normal
593,2024-01-25 16:00:00,2024-01-25,16,24076.37,299,32,1851,false,Normal
594,2024-01-25 17:00:00,2024-01-25,17,23832.45,349,31,1852,false,Normal
595,2024-01-25 18:00:00,2024-01-25,18,22187.63,296,29,1748,false,Normal
596,2024-01-25 19:00:00,2024-01-25,19,21693.54,279,27,1557,false,Normal
597,2024-01-25 20:00:00,2024-01-25,20,19174.56,264,29,1515,false,Normal
598,2024-01-25 21:00:00,2024-01-25,21,18411.63,242,19,1350,false,Normal
599,2024-01-25 22:00:00,2024-01-25,22,17303.19,228,22,1229,false,Normal
600,2024-01-25 23:00:00,2024-01-25,23,16346.77,196,25,1151,false,Normal
601,2024-01-26 00:00:00,2024-01-26,0,15555.55,181,18,1109,false,Normal
602,2024-01-26 01:00:00,2024-01-26,1,14148.01,173,24,1052,false,Normal
603,2024-01-26 02:00:00,2024-01-26,2,14564.68,163,17,967,false,Normal
604,2024-01-26 03:00:00,2024-01-26,3,13901.18,172,21,997,false,Normal
605,2024-01-26 04:00:00,2024-01-26,4,16088.76,196,18,1036,false,Normal
606,2024-01-26 05:00:00,2024-01-26,5,13893.81,215,14,1183,false,Normal
607,2024-01-26 06:00:00,2024-01-26,6,16759.23,219,24,1304,false,Normal
608,2024-01-26 07:00:00,2024-01-26,7,17617.22,257,22,1386,false,Normal
609,2024-01-26 08:00:00,2024-01-26,8,19822.42,273,28,1567,false,Normal
610,2024-01-26 09:00:00,2024-01-26,9,21301.65,261,27,1696,false,Normal
611,2024-01-26 10:00:00,2024-01-26,10,20595.98,292,26,1854,false,Normal
612,2024-01-26 11:00:00,2024-01-26,11,23944.34,310,36,1851,false,Normal
613,2024-01-26 12:00:00,2024-01-26,12,25456.01,326,32,1893,false,Normal
614,2024-01-26 13:00:00,2024-01-26,13,26005.16,347,33,2004,false,Normal
615,2024-01-26 14:00:00,2024-01-26,14,25541.29,345,43,2063,false,Normal
616,2024-01-26 15:00:00,2024-01-26,15,25554.5,333,33,1974,false,Normal
617,2024-01-26 16:00:00,2024-01-26,16,23104.3,334,32,1869,false,Normal
618,2024-01-26 17:00:00,2024-01-26,17,23503.78,325,33,1922,false,Normal
619,2024-01-26 18:00:00,2024-01-26,18,20751.96,294,29,1729,false,Normal
620,2024-01-26 19:00:00,2024-01-26,19,21605.26,250,27,1600,false,Normal
621,2024-01-26 20:00:00,2024-01-26,20,21311.8,245,25,1594,false,Normal
622,2024-01-26 21:00:00,2024-01-26,21,16852.5,267,26,1366,false,Normal
623,2024-01-26 22:00:00,2024-01-26,22,17848.79,222,17,1205,false,Normal
624,2024-01-26 23:00:00,2024-01-26,23,14821.62,211,22,1122,false,Normal
625,2024-01-27 00:00:00,2024-01-27,0,14688.65,203,16,1175,false,Normal
626,2024-01-27 01:00:00,2024-01-27,1,14441.72,181,14,1040,false,Normal
627,2024-01-27 02:00:00,2024-01-27,2,14411.73,171,21,1006,false,Normal
628,2024-01-27 03:00:00,2024-01-27,3,14673.56,197,10,942,false,Normal
629,2024-01-27 04:00:00,2024-01-27,4,15110.36,170,19,1236,false,Normal
630,2024-01-27 05:00:00,2024-01-27,5,15632.54,209,20,1152,false,Normal
631,2024-01-27 06:00:00,2024-01-27,6,15668.75,216,26,1267,false,Normal
632,2024-01-27 07:00:00,2024-01-27,7,18857.47,248,28,1372,false,Normal
633,2024-01-27 08:00:00,2024-01-27,8,19633.29,243,24,1658,false,Normal
634,2024-01-27 09:00:00,2024-01-27,9,21235.48,280,24,1666,false,Normal
635,2024-01-27 10:00:00,2024-01-27,10,22196.94,286,27,1793,false,Normal
636,2024-01-27 11:00:00,2024-01-27,11,23857.26,299,35,1841,false,Normal
637,2024-01-27 12:00:00,2024-01-27,12,24974.91,316,30,1989,false,Normal
638,2024-01-27 13:00:00,2024-01-27,13,25387.62,337,31,1908,false,Normal
639,2024-01-27 14:00:00,2024-01-27,14,24344.05,318,37,2058,false,Normal
640,2024-01-27 15:00:00,2024-01-27,15,24808.78,350,29,1974,false,Normal
641,2024-01-27 16:00:00,2024-01-27,16,24270.72,351,36,1956,false,Normal
642,2024-01-27 17:00:00,2024-01-27,17,23054.39,323,32,1850,false,Normal
643,2024-01-27 18:00:00,2024-01-27,18,20467.2,317,32,1917,false,Normal
644,2024-01-27 19:00:00,2024-01-27,19,20091.86,255,28,1654,false,Normal
645,2024-01-27 20:00:00,2024-01-27,20,20506.93,268,25,1375,false,Normal
646,2024-01-27 21:00:00,2024-01-27,21,18481.09,248,22,1292,false,Normal
647,2024-01-27 22:00:00,2024-01-27,22,16501.16,235,18,1316,false,Normal
648,2024-01-27 23:00:00,2024-01-27,23,16083.66,232,25,1078,false,Normal
649,2024-01-28 00:00:00,2024-01-28,0,13997.67,200,20,1056,false,Normal
650,2024-01-28 01:00:00,2024-01-28,1,12484.05,169,22,1033,false,Normal
651,2024-01-28 02:00:00,2024-01-28,2,12027.83,147,17,1048,false,Normal
652,2024-01-28 03:00:00,2024-01-28,3,14268.93,167,14,1008,false,Normal
653,2024-01-28 04:00:00,2024-01-28,4,14339.81,181,20,1146,false,Normal
654,2024-01-28 05:00:00,2024-01-28,5,14584.46,230,19,1160,false,Normal
655,2024-01-28 06:00:00,2024-01-28,6,16526.92,200,21,1381,false,Normal
656,2024-01-28 07:00:00,2024-01-28,7,18074.85,230,24,1424,false,Normal
657,2024-01-28 08:00:00,2024-01-28,8,19130.73,277,27,1518,false,Normal
658,2024-01-28 09:00:00,2024-01-28,9,20565.9,278,28,1667,false,Normal
659,2024-01-28 10:00:00,2024-01-28,10,22733.93,309,30,1817,false,Normal
660,2024-01-28 11:00:00,2024-01-28,11,22811.99,307,33,1823,false,Normal
661,2024-01-28 12:00:00,2024-01-28,12,24650.87,340,36,1909,false,Normal
662,2024-01-28 13:00:00,2024-01-28,13,25061.21,346,36,1908,false,Normal
663,2024-01-28 14:00:00,2024-01-28,14,0.0,0,33,1968,true,Payment Gateway Outage
664,2024-01-28 15:00:00,2024-01-28,15,0.0,0,33,2040,true,Payment Gateway Outage
665,2024-01-28 16:00:00,2024-01-28,16,25542.14,292,35,1888,false,Normal
666,2024-01-28 17:00:00,2024-01-28,17,23210.97,339,30,1885,false,Normal
667,2024-01-28 18:00:00,2024-01-28,18,22902.19,304,33,1782,false,Normal
668,2024-01-28 19:00:00,2024-01-28,19,20806.7,300,29,1615,false,Normal
669,2024-01-28 20:00:00,2024-01-28,20,19191.82,244,29,1605,false,Normal
670,2024-01-28 21:00:00,2024-01-28,21,19280.07,237,27,1278,false,Normal
671,2024-01-28 22:00:00,2024-01-28,22,16351.99,213,18,1360,false,Normal
672,2024-01-28 23:00:00,2024-01-28,23,15679.97,226,24,1295,false,Normal
673,2024-01-29 00:00:00,2024-01-29,0,15918.0,198,13,1041,false,Normal
674,2024-01-29 01:00:00,2024-01-29,1,14400.84,202,16,1008,false,Normal
675,2024-01-29 02:00:00,2024-01-29,2,14886.18,161,17,1036,false,Normal
676,2024-01-29 03:00:00,2024-01-29,3,15053.59,185,22,937,false,Normal
677,2024-01-29 04:00:00,2024-01-29,4,13209.24,200,20,932,false,Normal
678,2024-01-29 05:00:00,2024-01-29,5,15043.39,193,17,1248,false,Normal
679,2024-01-29 06:00:00,2024-01-29,6,15107.29,232,26,1239,false,Normal
680,2024-01-29 07:00:00,2024-01-29,7,18663.28,222,25,1297,false,Normal
681,2024-01-29 08:00:00,2024-01-29,8,20743.57,273,25,1394,false,Normal
682,2024-01-29 09:00:00,2024-01-29,9,21717.35,273,28,1612,false,Normal
683,2024-01-29 10:00:00,2024-01-29,10,22555.68,293,23,1748,false,Normal
684,2024-01-29 11:00:00,2024-01-29,11,24409.98,322,29,1780,false,Normal
685,2024-01-29 12:00:00,2024-01-29,12,23924.99,339,28,2055,false,Normal
686,2024-01-29 13:00:00,2024-01-29,13,24297.35,332,38,1954,false,Normal
687,2024-01-29 14:00:00,2024-01-29,14,24732.56,321,30,2143,false,Normal
688,2024-01-29 15:00:00,2024-01-29,15,25248.66,346,33,1753,false,Normal
689,2024-01-29 16:00:00,2024-01-29,16,26125.81,303,32,1882,false,Normal
690,2024-01-29 17:00:00,2024-01-29,17,23942.36,304,29,1846,false,Normal
691,2024-01-29 18:00:00,2024-01-29,18,22971.95,295,28,1618,false,Normal
692,2024-01-29 19:00:00,2024-01-29,19,19541.36,259,26,1676,false,Normal
693,2024-01-29 20:00:00,2024-01-29,20,18776.19,275,29,1484,false,Normal
694,2024-01-29 21:00:00,2024-01-29,21,18969.08,230,17,1476,false,Normal
695,2024-01-29 22:00:00,2024-01-29,22,16091.92,242,19,1081,false,Normal
696,2024-01-29 23:00:00,2024-01-29,23,15772.78,175,22,1048,false,Normal
697,2024-01-30 00:00:00,2024-01-30,0,14524.58,212,16,1129,false,Normal
698,2024-01-30 01:00:00,2024-01-30,1,14966.73,171,18,1100,false,Normal
699,2024-01-30 02:00:00,2024-01-30,2,13962.6,195,22,1074,false,Normal
700,2024-01-30 03:00:00,2024-01-30,3,14889.79,200,16,1024,false,Normal
701,2024-01-30 04:00:00,2024-01-30,4,13997.8,185,17,1122,false,Normal
702,2024-01-30 05:00:00,2024-01-30,5,15350.79,217,12,1272,false,Normal
703,2024-01-30 06:00:00,2024-01-30,6,16268.22,189,23,1310,false,Normal
704,2024-01-30 07:00:00,2024-01-30,7,18551.94,268,23,1363,false,Normal
705,2024-01-30 08:00:00,2024-01-30,8,19589.18,243,23,1592,false,Normal
706,2024-01-30 09:00:00,2024-01-30,9,21217.58,271,28,1706,false,Normal
707,2024-01-30 10:00:00,2024-01-30,10,21805.99,298,32,1829,false,Normal
708,2024-01-30 11:00:00,2024-01-30,11,21428.29,300,35,1776,false,Normal
709,2024-01-30 12:00:00,2024-01-30,12,24261.49,354,34,1952,false,Normal
710,2024-01-30 13:00:00,2024-01-30,13,25011.43,337,34,2072,false,Normal
711,2024-01-30 14:00:00,2024-01-30,14,23922.99,338,34,2037,false,Normal
712,2024-01-30 15:00:00,2024-01-30,15,24957.56,330,38,2048,false,Normal
713,2024-01-30 16:00:00,2024-01-30,16,24443.83,335,38,1948,false,Normal
714,2024-01-30 17:00:00,2024-01-30,17,23751.49,302,33,1854,false,Normal
715,2024-01-30 18:00:00,2024-01-30,18,21294.99,335,29,1812,false,Normal
716,2024-01-30 19:00:00,2024-01-30,19,20222.1,306,30,1537,false,Normal
717,2024-01-30 20:00:00,2024-01-30,20,18945.45,236,24,1667,false,Normal
718,2024-01-30 21:00:00,2024-01-30,21,16126.69,206,21,1342,false,Normal
719,2024-01-30 22:00:00,2024-01-30,22,16781.13,200,24,1245,false,Normal
720,2024-01-30 23:00:00,2024-01-30,23,14451.8,210,20,1139,false,Normal
